,EmployeeID,0
0,6110001,1.0
1,6110002,0.0
2,6110003,0.0
3,6110004,1.0
4,6110005,0.0
5,6110006,0.0
6,6110007,1.0
7,6110008,0.0
8,6110009,0.0
9,6110010,0.0
10,6110011,0.0
11,6110012,1.0
12,6110013,1.0
13,6110014,0.0
14,6110015,0.0
15,6110016,0.0
16,6110017,1.0
17,6110018,0.0
18,6110019,0.0
19,6110020,0.0
20,6110021,0.0
21,6110022,1.0
22,6110023,0.0
23,6110024,0.0
24,6110025,0.0
25,6110026,0.0
26,6110027,0.0
27,6110028,0.0
28,6110029,0.0
29,6110030,0.0
30,6110031,0.0
31,6110032,0.0
32,6110033,1.0
33,6110034,0.0
34,6110035,1.0
35,6110036,1.0
36,6110037,0.0
37,6110038,1.0
38,6110039,0.0
39,6110040,0.0
40,6110041,0.0
41,6110042,0.0
42,6110043,0.0
43,6110044,0.0
44,6110045,0.0
45,6110046,0.0
46,6110047,1.0
47,6110048,1.0
48,6110049,0.0
49,6110050,0.0
50,6110051,0.0
51,6110052,0.0
52,6110053,0.0
53,6110054,0.0
54,6110055,1.0
55,6110056,0.0
56,6110057,0.0
57,6110058,0.0
58,6110059,1.0
59,6110060,0.0
60,6110061,1.0
61,6110062,0.0
62,6110063,0.0
63,6110064,0.0
64,6110065,0.0
65,6110066,0.0
66,6110067,0.0
67,6110068,0.0
68,6110069,1.0
69,6110070,0.0
70,6110071,1.0
71,6110072,0.0
72,6110073,0.0
73,6110074,1.0
74,6110075,0.0
75,6110076,0.0
76,6110077,1.0
77,6110078,1.0
78,6110079,1.0
79,6110080,0.0
80,6110081,0.0
81,6110082,1.0
82,6110083,0.0
83,6110084,0.0
84,6110085,0.0
85,6110086,0.0
86,6110087,1.0
87,6110088,0.0
88,6110089,1.0
89,6110090,0.0
90,6110091,0.0
91,6110092,1.0
92,6110093,0.0
93,6110094,1.0
94,6110095,1.0
95,6110096,0.0
96,6110097,1.0
97,6110098,0.0
98,6110099,0.0
99,6110100,0.0
100,6110101,1.0
101,6110102,0.0
102,6110103,0.0
103,6110104,0.0
104,6110105,0.0
105,6110106,0.0
106,6110107,0.0
107,6110108,0.0
108,6110109,1.0
109,6110110,0.0
110,6110111,0.0
111,6110112,1.0
112,6110113,1.0
113,6110114,0.0
114,6110115,1.0
115,6110116,0.0
116,6110117,0.0
117,6110118,0.0
118,6110119,0.0
119,6110120,0.0
120,6110121,0.0
121,6110122,0.0
122,6110123,0.0
123,6110124,0.0
124,6110125,1.0
125,6110126,0.0
126,6110127,1.0
127,6110128,0.0
128,6110129,1.0
129,6110130,0.0
130,6110131,1.0
131,6110132,1.0
132,6110133,0.0
133,6110134,0.0
134,6110135,1.0
135,6110136,0.0
136,6110137,0.0
137,6110138,1.0
138,6110139,0.0
139,6110140,0.0
140,6110141,0.0
141,6110142,0.0
142,6110143,0.0
143,6110144,1.0
144,6110145,1.0
145,6110146,1.0
146,6110147,0.0
147,6110148,0.0
148,6110149,0.0
149,6110150,1.0
150,6110151,0.0
151,6110152,1.0
152,6110153,0.0
153,6110154,1.0
154,6110155,1.0
155,6110156,0.0
156,6110157,0.0
157,6110158,0.0
158,6110159,0.0
159,6110160,0.0
160,6110161,0.0
161,6110162,1.0
162,6110163,0.0
163,6110164,0.0
164,6110165,1.0
165,6110166,0.0
166,6110167,0.0
167,6110168,0.0
168,6110169,0.0
169,6110170,0.0
170,6110171,0.0
171,6110172,0.0
172,6110173,1.0
173,6110174,0.0
174,6110175,0.0
175,6110176,0.0
176,6110177,0.0
177,6110178,0.0
178,6110179,0.0
179,6110180,0.0
180,6110181,0.0
181,6110182,0.0
182,6110183,1.0
183,6110184,1.0
184,6110185,0.0
185,6110186,0.0
186,6110187,0.0
187,6110188,0.0
188,6110189,0.0
189,6110190,1.0
190,6110191,1.0
191,6110192,1.0
192,6110193,1.0
193,6110194,0.0
194,6110195,0.0
195,6110196,0.0
196,6110197,1.0
197,6110198,0.0
198,6110199,1.0
199,6110200,0.0
200,6110201,0.0
201,6110202,0.0
202,6110203,1.0
203,6110204,1.0
204,6110205,0.0
205,6110206,1.0
206,6110207,0.0
207,6110208,1.0
208,6110209,1.0
209,6110210,0.0
210,6110211,1.0
211,6110212,0.0
212,6110213,0.0
213,6110214,0.0
214,6110215,1.0
215,6110216,0.0
216,6110217,0.0
217,6110218,1.0
218,6110219,0.0
219,6110220,0.0
220,6110221,0.0
221,6110222,1.0
222,6110223,0.0
223,6110224,0.0
224,6110225,1.0
225,6110226,1.0
226,6110227,0.0
227,6110228,0.0
228,6110229,0.0
229,6110230,0.0
230,6110231,0.0
231,6110232,0.0
232,6110233,0.0
233,6110234,0.0
234,6110235,0.0
235,6110236,0.0
236,6110237,0.0
237,6110238,1.0
238,6110239,0.0
239,6110240,0.0
240,6110241,0.0
241,6110242,0.0
242,6110243,0.0
243,6110244,0.0
244,6110245,1.0
245,6110246,1.0
246,6110247,1.0
247,6110248,1.0
248,6110249,0.0
249,6110250,1.0
250,6110251,1.0
251,6110252,1.0
252,6110253,1.0
253,6110254,0.0
254,6110255,0.0
255,6110256,1.0
256,6110257,0.0
257,6110258,0.0
258,6110259,0.0
259,6110260,0.0
260,6110261,0.0
261,6110262,0.0
262,6110263,0.0
263,6110264,1.0
264,6110265,0.0
265,6110266,0.0
266,6110267,0.0
267,6110268,0.0
268,6110269,0.0
269,6110270,1.0
270,6110271,0.0
271,6110272,0.0
272,6110273,0.0
273,6110274,0.0
274,6110275,0.0
275,6110276,0.0
276,6110277,1.0
277,6110278,0.0
278,6110279,0.0
279,6110280,1.0
280,6110281,0.0
281,6110282,0.0
282,6110283,0.0
283,6110284,1.0
284,6110285,0.0
285,6110286,0.0
286,6110287,1.0
287,6110288,0.0
288,6110289,1.0
289,6110290,0.0
290,6110291,1.0
291,6110292,0.0
292,6110293,1.0
293,6110294,0.0
294,6110295,0.0
295,6110296,0.0
296,6110297,1.0
297,6110298,0.0
298,6110299,1.0
299,6110300,0.0
300,6110301,0.0
301,6110302,1.0
302,6110303,0.0
303,6110304,0.0
304,6110305,0.0
305,6110306,0.0
306,6110307,1.0
307,6110308,0.0
308,6110309,1.0
309,6110310,1.0
310,6110311,0.0
311,6110312,0.0
312,6110313,1.0
313,6110314,0.0
314,6110315,0.0
315,6110316,1.0
316,6110317,1.0
317,6110318,1.0
318,6110319,0.0
319,6110320,1.0
320,6110321,1.0
321,6110322,1.0
322,6110323,0.0
323,6110324,1.0
324,6110325,0.0
325,6110326,0.0
326,6110327,1.0
327,6110328,1.0
328,6110329,0.0
329,6110330,0.0
330,6110331,0.0
331,6110332,0.0
332,6110333,1.0
333,6110334,0.0
334,6110335,0.0
335,6110336,0.0
336,6110337,0.0
337,6110338,0.0
338,6110339,0.0
339,6110340,1.0
340,6110341,0.0
341,6110342,0.0
342,6110343,1.0
343,6110344,1.0
344,6110345,0.0
345,6110346,0.0
346,6110347,0.0
347,6110348,0.0
348,6110349,1.0
349,6110350,1.0
350,6110351,0.0
351,6110352,0.0
352,6110353,0.0
353,6110354,1.0
354,6110355,0.0
355,6110356,0.0
356,6110357,0.0
357,6110358,0.0
358,6110359,0.0
359,6110360,0.0
360,6110361,0.0
361,6110362,0.0
362,6110363,0.0
363,6110364,1.0
364,6110365,0.0
365,6110366,0.0
366,6110367,1.0
367,6110368,1.0
368,6110369,0.0
369,6110370,0.0
370,6110371,1.0
371,6110372,0.0
372,6110373,0.0
373,6110374,0.0
374,6110375,1.0
375,6110376,0.0
376,6110377,0.0
377,6110378,1.0
378,6110379,0.0
379,6110380,0.0
380,6110381,0.0
381,6110382,0.0
382,6110383,0.0
383,6110384,0.0
384,6110385,0.0
385,6110386,0.0
386,6110387,1.0
387,6110388,0.0
388,6110389,0.0
389,6110390,0.0
390,6110391,0.0
391,6110392,0.0
392,6110393,0.0
393,6110394,1.0
394,6110395,1.0
395,6110396,0.0
396,6110397,0.0
397,6110398,1.0
398,6110399,0.0
399,6110400,0.0
400,6110401,0.0
401,6110402,1.0
402,6110403,1.0
403,6110404,1.0
404,6110405,0.0
405,6110406,0.0
406,6110407,0.0
407,6110408,0.0
408,6110409,0.0
409,6110410,0.0
410,6110411,0.0
411,6110412,0.0
412,6110413,0.0
413,6110414,0.0
414,6110415,0.0
415,6110416,0.0
416,6110417,0.0
417,6110418,0.0
418,6110419,1.0
419,6110420,0.0
420,6110421,0.0
421,6110422,0.0
422,6110423,0.0
423,6110424,0.0
424,6110425,1.0
425,6110426,0.0
426,6110427,0.0
427,6110428,1.0
428,6110429,0.0
429,6110430,0.0
430,6110431,0.0
431,6110432,0.0
432,6110433,0.0
433,6110434,0.0
434,6110435,0.0
435,6110436,1.0
436,6110437,0.0
437,6110438,0.0
438,6110439,1.0
439,6110440,1.0
440,6110441,1.0
441,6110442,0.0
442,6110443,0.0
443,6110444,0.0
444,6110445,1.0
445,6110446,0.0
446,6110447,0.0
447,6110448,0.0
448,6110449,1.0
449,6110450,1.0
450,6110451,0.0
451,6110452,1.0
452,6110453,0.0
453,6110454,0.0
454,6110455,1.0
455,6110456,1.0
456,6110457,0.0
457,6110458,1.0
458,6110459,1.0
459,6110460,0.0
460,6110461,0.0
461,6110462,0.0
462,6110463,0.0
463,6110464,1.0
464,6110465,0.0
465,6110466,0.0
466,6110467,1.0
467,6110468,1.0
468,6110469,1.0
469,6110470,0.0
470,6110471,0.0
471,6110472,0.0
472,6110473,1.0
473,6110474,0.0
474,6110475,0.0
475,6110476,0.0
476,6110477,0.0
477,6110478,0.0
478,6110479,1.0
479,6110480,0.0
480,6110481,1.0
481,6110482,1.0
482,6110483,0.0
483,6110484,1.0
484,6110485,0.0
485,6110486,0.0
486,6110487,0.0
487,6110488,0.0
488,6110489,0.0
489,6110490,0.0
490,6110491,0.0
491,6110492,1.0
492,6110493,0.0
493,6110494,0.0
494,6110495,1.0
495,6110496,0.0
496,6110497,0.0
497,6110498,1.0
498,6110499,0.0
499,6110500,1.0
500,6110501,0.0
501,6110502,0.0
502,6110503,0.0
503,6110504,1.0
504,6110505,1.0
505,6110506,0.0
506,6110507,0.0
507,6110508,0.0
508,6110509,0.0
509,6110510,0.0
510,6110511,0.0
511,6110512,1.0
512,6110513,0.0
513,6110514,0.0
514,6110515,0.0
515,6110516,0.0
516,6110517,1.0
517,6110518,0.0
518,6110519,1.0
519,6110520,0.0
520,6110521,0.0
521,6110522,0.0
522,6110523,1.0
523,6110524,1.0
524,6110525,0.0
525,6110526,1.0
526,6110527,0.0
527,6110528,0.0
528,6110529,0.0
529,6110530,1.0
530,6110531,1.0
531,6110532,0.0
532,6110533,0.0
533,6110534,1.0
534,6110535,1.0
535,6110536,1.0
536,6110537,1.0
537,6110538,0.0
538,6110539,0.0
539,6110540,0.0
540,6110541,1.0
541,6110542,0.0
542,6110543,0.0
543,6110544,1.0
544,6110545,0.0
545,6110546,1.0
546,6110547,1.0
547,6110548,1.0
548,6110549,0.0
549,6110550,0.0
550,6110551,1.0
551,6110552,1.0
552,6110553,1.0
553,6110554,0.0
554,6110555,1.0
555,6110556,1.0
556,6110557,0.0
557,6110558,1.0
558,6110559,1.0
559,6110560,0.0
560,6110561,0.0
561,6110562,0.0
562,6110563,0.0
563,6110564,0.0
564,6110565,1.0
565,6110566,0.0
566,6110567,1.0
567,6110568,1.0
568,6110569,0.0
569,6110570,0.0
570,6110571,1.0
571,6110572,0.0
572,6110573,1.0
573,6110574,1.0
574,6110575,0.0
575,6110576,0.0
576,6110577,0.0
577,6110578,1.0
578,6110579,0.0
579,6110580,0.0
580,6110581,1.0
581,6110582,1.0
582,6110583,0.0
583,6110584,0.0
584,6110585,1.0
585,6110586,1.0
586,6110587,1.0
587,6110588,0.0
588,6110589,1.0
589,6110590,0.0
590,6110591,0.0
591,6110592,0.0
592,6110593,1.0
593,6110594,1.0
594,6110595,0.0
595,6110596,0.0
596,6110597,1.0
597,6110598,1.0
598,6110599,0.0
599,6110600,0.0
600,6110601,1.0
601,6110602,1.0
602,6110603,0.0
603,6110604,0.0
604,6110605,0.0
605,6110606,1.0
606,6110607,1.0
607,6110608,0.0
608,6110609,0.0
609,6110610,0.0
610,6110611,0.0
611,6110612,0.0
612,6110613,1.0
613,6110614,0.0
614,6110615,0.0
615,6110616,0.0
616,6110617,0.0
617,6110618,1.0
618,6110619,0.0
619,6110620,0.0
620,6110621,0.0
621,6110622,0.0
622,6110623,0.0
623,6110624,0.0
624,6110625,1.0
625,6110626,0.0
626,6110627,0.0
627,6110628,0.0
628,6110629,0.0
629,6110630,0.0
630,6110631,0.0
631,6110632,0.0
632,6110633,0.0
633,6110634,0.0
634,6110635,0.0
635,6110636,0.0
636,6110637,0.0
637,6110638,0.0
638,6110639,1.0
639,6110640,0.0
640,6110641,1.0
641,6110642,0.0
642,6110643,0.0
643,6110644,0.0
644,6110645,1.0
645,6110646,0.0
646,6110647,0.0
647,6110648,1.0
648,6110649,0.0
649,6110650,0.0
650,6110651,0.0
651,6110652,0.0
652,6110653,0.0
653,6110654,1.0
654,6110655,0.0
655,6110656,0.0
656,6110657,0.0
657,6110658,1.0
658,6110659,0.0
659,6110660,0.0
660,6110661,1.0
661,6110662,0.0
662,6110663,1.0
663,6110664,1.0
664,6110665,0.0
665,6110666,0.0
666,6110667,1.0
667,6110668,0.0
668,6110669,0.0
669,6110670,1.0
670,6110671,0.0
671,6110672,0.0
672,6110673,0.0
673,6110674,0.0
674,6110675,1.0
675,6110676,0.0
676,6110677,0.0
677,6110678,0.0
678,6110679,0.0
679,6110680,1.0
680,6110681,0.0
681,6110682,0.0
682,6110683,1.0
683,6110684,0.0
684,6110685,1.0
685,6110686,0.0
686,6110687,0.0
687,6110688,0.0
688,6110689,0.0
689,6110690,0.0
690,6110691,1.0
691,6110692,0.0
692,6110693,0.0
693,6110694,0.0
694,6110695,0.0
695,6110696,0.0
696,6110697,0.0
697,6110698,0.0
698,6110699,0.0
699,6110700,0.0
700,6110701,0.0
701,6110702,0.0
702,6110703,0.0
703,6110704,1.0
704,6110705,1.0
705,6110706,1.0
706,6110707,0.0
707,6110708,1.0
708,6110709,0.0
709,6110710,1.0
710,6110711,0.0
711,6110712,1.0
712,6110713,0.0
713,6110714,0.0
714,6110715,0.0
715,6110716,1.0
716,6110717,0.0
717,6110718,0.0
718,6110719,0.0
719,6110720,0.0
720,6110721,0.0
721,6110722,0.0
722,6110723,0.0
723,6110724,0.0
724,6110725,1.0
725,6110726,0.0
726,6110727,0.0
727,6110728,0.0
728,6110729,0.0
729,6110730,0.0
730,6110731,0.0
731,6110732,1.0
732,6110733,1.0
733,6110734,0.0
734,6110735,0.0
735,6110736,0.0
736,6110737,0.0
737,6110738,0.0
738,6110739,0.0
739,6110740,0.0
740,6110741,0.0
741,6110742,1.0
742,6110743,0.0
743,6110744,0.0
744,6110745,0.0
745,6110746,0.0
746,6110747,0.0
747,6110748,0.0
748,6110749,0.0
749,6110750,0.0
750,6110751,0.0
751,6110752,0.0
752,6110753,0.0
753,6110754,0.0
754,6110755,1.0
755,6110756,0.0
756,6110757,0.0
757,6110758,0.0
758,6110759,1.0
759,6110760,0.0
760,6110761,0.0
761,6110762,1.0
762,6110763,0.0
763,6110764,0.0
764,6110765,0.0
765,6110766,0.0
766,6110767,0.0
767,6110768,0.0
768,6110769,0.0
769,6110770,0.0
770,6110771,0.0
771,6110772,0.0
772,6110773,0.0
773,6110774,0.0
774,6110775,1.0
775,6110776,0.0
776,6110777,0.0
777,6110778,0.0
778,6110779,0.0
779,6110780,0.0
780,6110781,0.0
781,6110782,1.0
782,6110783,0.0
783,6110784,0.0
784,6110785,0.0
785,6110786,0.0
786,6110787,0.0
787,6110788,1.0
788,6110789,1.0
789,6110790,1.0
790,6110791,0.0
791,6110792,1.0
792,6110793,0.0
793,6110794,0.0
794,6110795,0.0
795,6110796,0.0
796,6110797,0.0
797,6110798,0.0
798,6110799,0.0
799,6110800,0.0
800,6110801,0.0
801,6110802,0.0
802,6110803,0.0
803,6110804,0.0
804,6110805,0.0
805,6110806,1.0
806,6110807,0.0
807,6110808,1.0
808,6110809,1.0
809,6110810,0.0
810,6110811,0.0
811,6110812,0.0
812,6110813,0.0
813,6110814,0.0
814,6110815,0.0
815,6110816,0.0
816,6110817,0.0
817,6110818,1.0
818,6110819,0.0
819,6110820,0.0
820,6110821,0.0
821,6110822,0.0
822,6110823,0.0
823,6110824,0.0
824,6110825,0.0
825,6110826,0.0
826,6110827,0.0
827,6110828,0.0
828,6110829,1.0
829,6110830,0.0
830,6110831,0.0
831,6110832,0.0
832,6110833,0.0
833,6110834,0.0
834,6110835,1.0
835,6110836,1.0
836,6110837,0.0
837,6110838,0.0
838,6110839,1.0
839,6110840,0.0
840,6110841,0.0
841,6110842,1.0
842,6110843,0.0
843,6110844,1.0
844,6110845,0.0
845,6110846,0.0
846,6110847,1.0
847,6110848,1.0
848,6110849,0.0
849,6110850,1.0
850,6110851,0.0
851,6110852,0.0
852,6110853,0.0
853,6110854,0.0
854,6110855,0.0
855,6110856,0.0
856,6110857,0.0
857,6110858,0.0
858,6110859,0.0
859,6110860,0.0
860,6110861,1.0
861,6110862,0.0
862,6110863,0.0
863,6110864,0.0
864,6110865,0.0
865,6110866,0.0
866,6110867,0.0
867,6110868,0.0
868,6110869,0.0
869,6110870,0.0
870,6110871,0.0
871,6110872,1.0
872,6110873,0.0
873,6110874,0.0
874,6110875,0.0
875,6110876,0.0
876,6110877,0.0
877,6110878,1.0
878,6110879,0.0
879,6110880,0.0
880,6110881,0.0
881,6110882,0.0
882,6110883,0.0
883,6110884,1.0
884,6110885,1.0
885,6110886,0.0
886,6110887,0.0
887,6110888,0.0
888,6110889,0.0
889,6110890,1.0
890,6110891,1.0
891,6110892,0.0
892,6110893,0.0
893,6110894,0.0
894,6110895,1.0
895,6110896,1.0
896,6110897,0.0
897,6110898,1.0
898,6110899,0.0
899,6110900,0.0
900,6110901,1.0
901,6110902,1.0
902,6110903,0.0
903,6110904,1.0
904,6110905,1.0
905,6110906,0.0
906,6110907,0.0
907,6110908,1.0
908,6110909,0.0
909,6110910,0.0
910,6110911,0.0
911,6110912,0.0
912,6110913,1.0
913,6110914,0.0
914,6110915,0.0
915,6110916,1.0
916,6110917,0.0
917,6110918,1.0
918,6110919,0.0
919,6110920,0.0
920,6110921,0.0
921,6110922,1.0
922,6110923,0.0
923,6110924,0.0
924,6110925,1.0
925,6110926,0.0
926,6110927,0.0
927,6110928,0.0
928,6110929,0.0
929,6110930,0.0
930,6110931,0.0
931,6110932,0.0
932,6110933,1.0
933,6110934,1.0
934,6110935,0.0
935,6110936,0.0
936,6110937,0.0
937,6110938,0.0
938,6110939,0.0
939,6110940,1.0
940,6110941,1.0
941,6110942,0.0
942,6110943,0.0
943,6110944,1.0
944,6110945,1.0
945,6110946,0.0
946,6110947,1.0
947,6110948,0.0
948,6110949,0.0
949,6110950,0.0
950,6110951,0.0
951,6110952,1.0
952,6110953,0.0
953,6110954,0.0
954,6110955,0.0
955,6110956,0.0
956,6110957,0.0
957,6110958,0.0
958,6110959,1.0
959,6110960,0.0
960,6110961,0.0
961,6110962,0.0
962,6110963,0.0
963,6110964,0.0
964,6110965,0.0
965,6110966,0.0
966,6110967,0.0
967,6110968,0.0
968,6110969,0.0
969,6110970,1.0
970,6110971,0.0
971,6110972,1.0
972,6110973,0.0
973,6110974,0.0
974,6110975,0.0
975,6110976,0.0
976,6110977,0.0
977,6110978,1.0
978,6110979,0.0
979,6110980,0.0
980,6110981,1.0
981,6110982,0.0
982,6110983,1.0
983,6110984,1.0
984,6110985,0.0
985,6110986,1.0
986,6110987,0.0
987,6110988,1.0
988,6110989,0.0
989,6110990,1.0
990,6110991,0.0
991,6110992,0.0
992,6110993,0.0
993,6110994,1.0
994,6110995,0.0
995,6110996,1.0
996,6110997,1.0
997,6110998,0.0
998,6110999,0.0
999,6111000,0.0
1000,6111001,0.0
1001,6111002,0.0
1002,6111003,0.0
1003,6111004,1.0
1004,6111005,1.0
1005,6111006,1.0
1006,6111007,0.0
1007,6111008,1.0
1008,6111009,1.0
1009,6111010,1.0
1010,6111011,1.0
1011,6111012,0.0
1012,6111013,0.0
1013,6111014,1.0
1014,6111015,1.0
1015,6111016,0.0
1016,6111017,0.0
1017,6111018,0.0
1018,6111019,0.0
1019,6111020,0.0
1020,6111021,0.0
1021,6111022,0.0
1022,6111023,0.0
1023,6111024,0.0
1024,6111025,0.0
1025,6111026,1.0
1026,6111027,1.0
1027,6111028,0.0
1028,6111029,0.0
1029,6111030,0.0
1030,6111031,0.0
1031,6111032,0.0
1032,6111033,0.0
1033,6111034,0.0
1034,6111035,0.0
1035,6111036,1.0
1036,6111037,0.0
1037,6111038,0.0
1038,6111039,0.0
1039,6111040,0.0
1040,6111041,0.0
1041,6111042,0.0
1042,6111043,1.0
1043,6111044,0.0
1044,6111045,0.0
1045,6111046,0.0
1046,6111047,0.0
1047,6111048,1.0
1048,6111049,0.0
1049,6111050,0.0
1050,6111051,0.0
1051,6111052,1.0
1052,6111053,0.0
1053,6111054,0.0
1054,6111055,0.0
1055,6111056,0.0
1056,6111057,0.0
1057,6111058,1.0
1058,6111059,1.0
1059,6111060,1.0
1060,6111061,0.0
1061,6111062,0.0
1062,6111063,0.0
1063,6111064,1.0
1064,6111065,0.0
1065,6111066,1.0
1066,6111067,1.0
1067,6111068,0.0
1068,6111069,1.0
1069,6111070,0.0
1070,6111071,0.0
1071,6111072,0.0
1072,6111073,0.0
1073,6111074,0.0
1074,6111075,0.0
1075,6111076,0.0
1076,6111077,1.0
1077,6111078,1.0
1078,6111079,0.0
1079,6111080,0.0
1080,6111081,1.0
1081,6111082,0.0
1082,6111083,0.0
1083,6111084,0.0
1084,6111085,1.0
1085,6111086,0.0
1086,6111087,1.0
1087,6111088,0.0
1088,6111089,0.0
1089,6111090,0.0
1090,6111091,1.0
1091,6111092,0.0
1092,6111093,0.0
1093,6111094,0.0
1094,6111095,0.0
1095,6111096,0.0
1096,6111097,0.0
1097,6111098,0.0
1098,6111099,0.0
1099,6111100,1.0
1100,6111101,0.0
1101,6111102,1.0
1102,6111103,1.0
1103,6111104,1.0
1104,6111105,1.0
1105,6111106,0.0
1106,6111107,1.0
1107,6111108,1.0
1108,6111109,0.0
1109,6111110,0.0
1110,6111111,0.0
1111,6111112,0.0
1112,6111113,1.0
1113,6111114,1.0
1114,6111115,0.0
1115,6111116,0.0
1116,6111117,1.0
1117,6111118,0.0
1118,6111119,0.0
1119,6111120,0.0
1120,6111121,0.0
1121,6111122,1.0
1122,6111123,0.0
1123,6111124,0.0
1124,6111125,0.0
1125,6111126,0.0
1126,6111127,0.0
1127,6111128,0.0
1128,6111129,1.0
1129,6111130,1.0
1130,6111131,0.0
1131,6111132,1.0
1132,6111133,0.0
1133,6111134,0.0
1134,6111135,0.0
1135,6111136,0.0
1136,6111137,0.0
1137,6111138,0.0
1138,6111139,0.0
1139,6111140,1.0
1140,6111141,1.0
1141,6111142,0.0
1142,6111143,1.0
1143,6111144,1.0
1144,6111145,1.0
1145,6111146,1.0
1146,6111147,0.0
1147,6111148,0.0
1148,6111149,0.0
1149,6111150,1.0
1150,6111151,0.0
1151,6111152,0.0
1152,6111153,0.0
1153,6111154,1.0
1154,6111155,0.0
1155,6111156,0.0
1156,6111157,0.0
1157,6111158,0.0
1158,6111159,0.0
1159,6111160,0.0
1160,6111161,0.0
1161,6111162,0.0
1162,6111163,0.0
1163,6111164,1.0
1164,6111165,1.0
1165,6111166,1.0
1166,6111167,0.0
1167,6111168,0.0
1168,6111169,0.0
1169,6111170,0.0
1170,6111171,0.0
1171,6111172,0.0
1172,6111173,0.0
1173,6111174,1.0
1174,6111175,0.0
1175,6111176,0.0
1176,6111177,1.0
1177,6111178,0.0
1178,6111179,0.0
1179,6111180,0.0
1180,6111181,1.0
1181,6111182,0.0
1182,6111183,0.0
1183,6111184,0.0
1184,6111185,0.0
1185,6111186,0.0
1186,6111187,1.0
1187,6111188,0.0
1188,6111189,1.0
1189,6111190,0.0
1190,6111191,0.0
1191,6111192,0.0
1192,6111193,0.0
1193,6111194,0.0
1194,6111195,0.0
1195,6111196,0.0
1196,6111197,1.0
1197,6111198,1.0
1198,6111199,0.0
1199,6111200,0.0
1200,6111201,0.0
1201,6111202,1.0
1202,6111203,0.0
1203,6111204,1.0
1204,6111205,1.0
1205,6111206,1.0
1206,6111207,0.0
1207,6111208,0.0
1208,6111209,0.0
1209,6111210,0.0
1210,6111211,0.0
1211,6111212,0.0
1212,6111213,1.0
1213,6111214,0.0
1214,6111215,0.0
1215,6111216,0.0
1216,6111217,0.0
1217,6111218,1.0
1218,6111219,0.0
1219,6111220,0.0
1220,6111221,0.0
1221,6111222,0.0
1222,6111223,1.0
1223,6111224,1.0
1224,6111225,0.0
1225,6111226,0.0
1226,6111227,1.0
1227,6111228,0.0
1228,6111229,0.0
1229,6111230,1.0
1230,6111231,0.0
1231,6111232,0.0
1232,6111233,0.0
1233,6111234,0.0
1234,6111235,1.0
1235,6111236,1.0
1236,6111237,0.0
1237,6111238,0.0
1238,6111239,0.0
1239,6111240,0.0
1240,6111241,0.0
1241,6111242,1.0
1242,6111243,0.0
1243,6111244,0.0
1244,6111245,0.0
1245,6111246,1.0
1246,6111247,1.0
1247,6111248,0.0
1248,6111249,1.0
1249,6111250,1.0
1250,6111251,0.0
1251,6111252,0.0
1252,6111253,1.0
1253,6111254,0.0
1254,6111255,0.0
1255,6111256,0.0
1256,6111257,0.0
1257,6111258,0.0
1258,6111259,0.0
1259,6111260,0.0
1260,6111261,0.0
1261,6111262,0.0
1262,6111263,0.0
1263,6111264,0.0
1264,6111265,0.0
1265,6111266,1.0
1266,6111267,0.0
1267,6111268,0.0
1268,6111269,0.0
1269,6111270,1.0
1270,6111271,0.0
1271,6111272,0.0
1272,6111273,0.0
1273,6111274,0.0
1274,6111275,1.0
1275,6111276,0.0
1276,6111277,1.0
1277,6111278,0.0
1278,6111279,0.0
1279,6111280,0.0
1280,6111281,0.0
1281,6111282,0.0
1282,6111283,0.0
1283,6111284,0.0
1284,6111285,0.0
1285,6111286,0.0
1286,6111287,0.0
1287,6111288,1.0
1288,6111289,1.0
1289,6111290,0.0
1290,6111291,1.0
1291,6111292,1.0
1292,6111293,1.0
1293,6111294,0.0
1294,6111295,0.0
1295,6111296,1.0
1296,6111297,0.0
1297,6111298,0.0
1298,6111299,1.0
1299,6111300,0.0
1300,6111301,1.0
1301,6111302,0.0
1302,6111303,0.0
1303,6111304,1.0
1304,6111305,0.0
1305,6111306,0.0
1306,6111307,0.0
1307,6111308,0.0
1308,6111309,1.0
1309,6111310,1.0
1310,6111311,0.0
1311,6111312,0.0
1312,6111313,1.0
1313,6111314,0.0
1314,6111315,0.0
1315,6111316,1.0
1316,6111317,0.0
1317,6111318,0.0
1318,6111319,0.0
1319,6111320,0.0
1320,6111321,1.0
1321,6111322,1.0
1322,6111323,0.0
1323,6111324,0.0
1324,6111325,0.0
1325,6111326,0.0
1326,6111327,0.0
1327,6111328,0.0
1328,6111329,1.0
1329,6111330,1.0
1330,6111331,1.0
1331,6111332,0.0
1332,6111333,0.0
1333,6111334,0.0
1334,6111335,1.0
1335,6111336,0.0
1336,6111337,0.0
1337,6111338,1.0
1338,6111339,1.0
1339,6111340,1.0
1340,6111341,0.0
1341,6111342,0.0
1342,6111343,0.0
1343,6111344,1.0
1344,6111345,0.0
1345,6111346,0.0
1346,6111347,1.0
1347,6111348,0.0
1348,6111349,0.0
1349,6111350,0.0
1350,6111351,1.0
1351,6111352,0.0
1352,6111353,0.0
1353,6111354,0.0
1354,6111355,0.0
1355,6111356,1.0
1356,6111357,1.0
1357,6111358,1.0
1358,6111359,1.0
1359,6111360,0.0
1360,6111361,1.0
1361,6111362,0.0
1362,6111363,0.0
1363,6111364,0.0
1364,6111365,0.0
1365,6111366,1.0
1366,6111367,0.0
1367,6111368,0.0
1368,6111369,0.0
1369,6111370,0.0
1370,6111371,0.0
1371,6111372,0.0
1372,6111373,0.0
1373,6111374,0.0
1374,6111375,1.0
1375,6111376,0.0
1376,6111377,1.0
1377,6111378,1.0
1378,6111379,0.0
1379,6111380,0.0
1380,6111381,1.0
1381,6111382,1.0
1382,6111383,1.0
1383,6111384,1.0
1384,6111385,0.0
1385,6111386,0.0
1386,6111387,0.0
1387,6111388,0.0
1388,6111389,1.0
1389,6111390,0.0
1390,6111391,1.0
1391,6111392,0.0
1392,6111393,0.0
1393,6111394,1.0
1394,6111395,0.0
1395,6111396,0.0
1396,6111397,0.0
1397,6111398,1.0
1398,6111399,0.0
1399,6111400,0.0
1400,6111401,0.0
1401,6111402,0.0
1402,6111403,0.0
1403,6111404,1.0
1404,6111405,0.0
1405,6111406,0.0
1406,6111407,0.0
1407,6111408,1.0
1408,6111409,1.0
1409,6111410,0.0
1410,6111411,0.0
1411,6111412,1.0
1412,6111413,0.0
1413,6111414,0.0
1414,6111415,1.0
1415,6111416,0.0
1416,6111417,0.0
1417,6111418,0.0
1418,6111419,1.0
1419,6111420,1.0
1420,6111421,0.0
1421,6111422,0.0
1422,6111423,0.0
1423,6111424,0.0
1424,6111425,0.0
1425,6111426,1.0
1426,6111427,0.0
1427,6111428,1.0
1428,6111429,0.0
1429,6111430,0.0
1430,6111431,0.0
1431,6111432,0.0
1432,6111433,0.0
1433,6111434,0.0
1434,6111435,0.0
1435,6111436,0.0
1436,6111437,0.0
1437,6111438,1.0
1438,6111439,0.0
1439,6111440,1.0
1440,6111441,1.0
1441,6111442,1.0
1442,6111443,1.0
1443,6111444,1.0
1444,6111445,0.0
1445,6111446,0.0
1446,6111447,0.0
1447,6111448,0.0
1448,6111449,0.0
1449,6111450,0.0
1450,6111451,0.0
1451,6111452,0.0
1452,6111453,0.0
1453,6111454,0.0
1454,6111455,1.0
1455,6111456,0.0
1456,6111457,1.0
1457,6111458,1.0
1458,6111459,0.0
1459,6111460,0.0
1460,6111461,0.0
1461,6111462,0.0
1462,6111463,1.0
1463,6111464,0.0
1464,6111465,0.0
1465,6111466,0.0
1466,6111467,0.0
1467,6111468,0.0
1468,6111469,0.0
1469,6111470,0.0
1470,6111471,0.0
1471,6111472,1.0
1472,6111473,1.0
1473,6111474,0.0
1474,6111475,0.0
1475,6111476,0.0
1476,6111477,0.0
1477,6111478,0.0
1478,6111479,0.0
1479,6111480,0.0
1480,6111481,0.0
1481,6111482,1.0
1482,6111483,1.0
1483,6111484,0.0
1484,6111485,0.0
1485,6111486,1.0
1486,6111487,1.0
1487,6111488,0.0
1488,6111489,1.0
1489,6111490,0.0
1490,6111491,0.0
1491,6111492,1.0
1492,6111493,0.0
1493,6111494,1.0
1494,6111495,0.0
1495,6111496,1.0
1496,6111497,1.0
1497,6111498,1.0
1498,6111499,0.0
1499,6111500,0.0
1500,6111501,1.0
1501,6111502,1.0
1502,6111503,0.0
1503,6111504,0.0
1504,6111505,0.0
1505,6111506,0.0
1506,6111507,1.0
1507,6111508,0.0
1508,6111509,0.0
1509,6111510,0.0
1510,6111511,1.0
1511,6111512,1.0
1512,6111513,1.0
1513,6111514,0.0
1514,6111515,0.0
1515,6111516,0.0
1516,6111517,0.0
1517,6111518,1.0
1518,6111519,0.0
1519,6111520,1.0
1520,6111521,0.0
1521,6111522,0.0
1522,6111523,1.0
1523,6111524,0.0
1524,6111525,0.0
1525,6111526,0.0
1526,6111527,0.0
1527,6111528,0.0
1528,6111529,0.0
1529,6111530,0.0
1530,6111531,1.0
1531,6111532,0.0
1532,6111533,0.0
1533,6111534,0.0
1534,6111535,1.0
1535,6111536,0.0
1536,6111537,0.0
1537,6111538,0.0
1538,6111539,1.0
1539,6111540,0.0
1540,6111541,0.0
1541,6111542,0.0
1542,6111543,0.0
1543,6111544,0.0
1544,6111545,1.0
1545,6111546,1.0
1546,6111547,1.0
1547,6111548,0.0
1548,6111549,0.0
1549,6111550,0.0
1550,6111551,0.0
1551,6111552,0.0
1552,6111553,0.0
1553,6111554,0.0
1554,6111555,0.0
1555,6111556,0.0
1556,6111557,0.0
1557,6111558,1.0
1558,6111559,1.0
1559,6111560,0.0
1560,6111561,0.0
1561,6111562,0.0
1562,6111563,0.0
1563,6111564,0.0
1564,6111565,0.0
1565,6111566,0.0
1566,6111567,0.0
1567,6111568,0.0
1568,6111569,1.0
1569,6111570,1.0
1570,6111571,1.0
1571,6111572,1.0
1572,6111573,1.0
1573,6111574,0.0
1574,6111575,1.0
1575,6111576,1.0
1576,6111577,1.0
1577,6111578,1.0
1578,6111579,0.0
1579,6111580,0.0
1580,6111581,1.0
1581,6111582,0.0
1582,6111583,0.0
1583,6111584,0.0
1584,6111585,0.0
1585,6111586,0.0
1586,6111587,0.0
1587,6111588,0.0
1588,6111589,0.0
1589,6111590,0.0
1590,6111591,0.0
1591,6111592,1.0
1592,6111593,0.0
1593,6111594,0.0
1594,6111595,1.0
1595,6111596,1.0
1596,6111597,1.0
1597,6111598,0.0
1598,6111599,0.0
1599,6111600,0.0
1600,6111601,0.0
1601,6111602,1.0
1602,6111603,0.0
1603,6111604,0.0
1604,6111605,0.0
1605,6111606,0.0
1606,6111607,0.0
1607,6111608,1.0
1608,6111609,0.0
1609,6111610,1.0
1610,6111611,1.0
1611,6111612,1.0
1612,6111613,0.0
1613,6111614,1.0
1614,6111615,0.0
1615,6111616,0.0
1616,6111617,0.0
1617,6111618,1.0
1618,6111619,1.0
1619,6111620,0.0
1620,6111621,0.0
1621,6111622,0.0
1622,6111623,1.0
1623,6111624,0.0
1624,6111625,0.0
1625,6111626,1.0
1626,6111627,0.0
1627,6111628,1.0
1628,6111629,0.0
1629,6111630,0.0
1630,6111631,0.0
1631,6111632,0.0
1632,6111633,0.0
1633,6111634,1.0
1634,6111635,1.0
1635,6111636,0.0
1636,6111637,0.0
1637,6111638,0.0
1638,6111639,1.0
1639,6111640,0.0
1640,6111641,0.0
1641,6111642,1.0
1642,6111643,1.0
1643,6111644,1.0
1644,6111645,0.0
1645,6111646,0.0
1646,6111647,1.0
1647,6111648,0.0
1648,6111649,0.0
1649,6111650,1.0
1650,6111651,0.0
1651,6111652,1.0
1652,6111653,0.0
1653,6111654,0.0
1654,6111655,0.0
1655,6111656,1.0
1656,6111657,0.0
1657,6111658,0.0
1658,6111659,0.0
1659,6111660,0.0
1660,6111661,0.0
1661,6111662,0.0
1662,6111663,0.0
1663,6111664,1.0
1664,6111665,0.0
1665,6111666,0.0
1666,6111667,0.0
1667,6111668,1.0
1668,6111669,0.0
1669,6111670,1.0
1670,6111671,0.0
1671,6111672,1.0
1672,6111673,0.0
1673,6111674,0.0
1674,6111675,1.0
1675,6111676,0.0
1676,6111677,0.0
1677,6111678,0.0
1678,6111679,1.0
1679,6111680,1.0
1680,6111681,0.0
1681,6111682,0.0
1682,6111683,0.0
1683,6111684,0.0
1684,6111685,1.0
1685,6111686,0.0
1686,6111687,0.0
1687,6111688,0.0
1688,6111689,1.0
1689,6111690,0.0
1690,6111691,0.0
1691,6111692,0.0
1692,6111693,0.0
1693,6111694,1.0
1694,6111695,1.0
1695,6111696,1.0
1696,6111697,0.0
1697,6111698,0.0
1698,6111699,0.0
1699,6111700,0.0
1700,6111701,1.0
1701,6111702,0.0
1702,6111703,0.0
1703,6111704,0.0
1704,6111705,0.0
1705,6111706,0.0
1706,6111707,0.0
1707,6111708,0.0
1708,6111709,1.0
1709,6111710,0.0
1710,6111711,0.0
1711,6111712,1.0
1712,6111713,1.0
1713,6111714,0.0
1714,6111715,0.0
1715,6111716,1.0
1716,6111717,1.0
1717,6111718,0.0
1718,6111719,0.0
1719,6111720,1.0
1720,6111721,1.0
1721,6111722,1.0
1722,6111723,0.0
1723,6111724,1.0
1724,6111725,0.0
1725,6111726,0.0
1726,6111727,0.0
1727,6111728,0.0
1728,6111729,1.0
1729,6111730,1.0
1730,6111731,0.0
1731,6111732,0.0
1732,6111733,0.0
1733,6111734,0.0
1734,6111735,0.0
1735,6111736,0.0
1736,6111737,0.0
1737,6111738,1.0
1738,6111739,0.0
1739,6111740,0.0
1740,6111741,0.0
1741,6111742,1.0
1742,6111743,0.0
1743,6111744,1.0
1744,6111745,0.0
1745,6111746,0.0
1746,6111747,1.0
1747,6111748,0.0
1748,6111749,1.0
1749,6111750,0.0
1750,6111751,0.0
1751,6111752,1.0
1752,6111753,0.0
1753,6111754,0.0
1754,6111755,1.0
1755,6111756,1.0
1756,6111757,0.0
1757,6111758,0.0
1758,6111759,0.0
1759,6111760,0.0
1760,6111761,0.0
1761,6111762,0.0
1762,6111763,0.0
1763,6111764,0.0
1764,6111765,0.0
1765,6111766,0.0
1766,6111767,0.0
1767,6111768,0.0
1768,6111769,1.0
1769,6111770,0.0
1770,6111771,0.0
1771,6111772,1.0
1772,6111773,1.0
1773,6111774,1.0
1774,6111775,1.0
1775,6111776,0.0
1776,6111777,0.0
1777,6111778,0.0
1778,6111779,1.0
1779,6111780,0.0
1780,6111781,0.0
1781,6111782,1.0
1782,6111783,0.0
1783,6111784,0.0
1784,6111785,0.0
1785,6111786,1.0
1786,6111787,0.0
1787,6111788,0.0
1788,6111789,0.0
1789,6111790,0.0
1790,6111791,0.0
1791,6111792,0.0
1792,6111793,0.0
1793,6111794,0.0
1794,6111795,0.0
1795,6111796,0.0
1796,6111797,1.0
1797,6111798,1.0
1798,6111799,1.0
1799,6111800,0.0
1800,6111801,0.0
1801,6111802,0.0
1802,6111803,0.0
1803,6111804,0.0
1804,6111805,1.0
1805,6111806,0.0
1806,6111807,1.0
1807,6111808,0.0
1808,6111809,0.0
1809,6111810,0.0
1810,6111811,0.0
1811,6111812,0.0
1812,6111813,1.0
1813,6111814,0.0
1814,6111815,0.0
1815,6111816,0.0
1816,6111817,0.0
1817,6111818,0.0
1818,6111819,0.0
1819,6111820,0.0
1820,6111821,1.0
1821,6111822,0.0
1822,6111823,1.0
1823,6111824,1.0
1824,6111825,1.0
1825,6111826,1.0
1826,6111827,0.0
1827,6111828,1.0
1828,6111829,0.0
1829,6111830,0.0
1830,6111831,0.0
1831,6111832,1.0
1832,6111833,1.0
1833,6111834,0.0
1834,6111835,1.0
1835,6111836,0.0
1836,6111837,0.0
1837,6111838,0.0
1838,6111839,0.0
1839,6111840,1.0
1840,6111841,0.0
1841,6111842,0.0
1842,6111843,1.0
1843,6111844,1.0
1844,6111845,1.0
1845,6111846,1.0
1846,6111847,0.0
1847,6111848,0.0
1848,6111849,0.0
1849,6111850,0.0
1850,6111851,0.0
1851,6111852,0.0
1852,6111853,0.0
1853,6111854,1.0
1854,6111855,0.0
1855,6111856,0.0
1856,6111857,0.0
1857,6111858,1.0
1858,6111859,1.0
1859,6111860,0.0
1860,6111861,0.0
1861,6111862,0.0
1862,6111863,0.0
1863,6111864,1.0
1864,6111865,0.0
1865,6111866,0.0
1866,6111867,0.0
1867,6111868,0.0
1868,6111869,0.0
1869,6111870,1.0
1870,6111871,1.0
1871,6111872,0.0
1872,6111873,1.0
1873,6111874,1.0
1874,6111875,0.0
1875,6111876,1.0
1876,6111877,0.0
1877,6111878,0.0
1878,6111879,0.0
1879,6111880,1.0
1880,6111881,0.0
1881,6111882,0.0
1882,6111883,0.0
1883,6111884,0.0
1884,6111885,0.0
1885,6111886,1.0
1886,6111887,0.0
1887,6111888,1.0
1888,6111889,1.0
1889,6111890,0.0
1890,6111891,1.0
1891,6111892,0.0
1892,6111893,1.0
1893,6111894,0.0
1894,6111895,1.0
1895,6111896,0.0
1896,6111897,0.0
1897,6111898,0.0
1898,6111899,0.0
1899,6111900,0.0
1900,6111901,0.0
1901,6111902,0.0
1902,6111903,1.0
1903,6111904,1.0
1904,6111905,1.0
1905,6111906,1.0
1906,6111907,1.0
1907,6111908,0.0
1908,6111909,1.0
1909,6111910,0.0
1910,6111911,0.0
1911,6111912,0.0
1912,6111913,0.0
1913,6111914,1.0
1914,6111915,1.0
1915,6111916,0.0
1916,6111917,0.0
1917,6111918,1.0
1918,6111919,0.0
1919,6111920,0.0
1920,6111921,0.0
1921,6111922,0.0
1922,6111923,0.0
1923,6111924,0.0
1924,6111925,0.0
1925,6111926,1.0
1926,6111927,1.0
1927,6111928,1.0
1928,6111929,0.0
1929,6111930,0.0
1930,6111931,0.0
1931,6111932,1.0
1932,6111933,0.0
1933,6111934,0.0
1934,6111935,0.0
1935,6111936,0.0
1936,6111937,0.0
1937,6111938,0.0
1938,6111939,1.0
1939,6111940,0.0
1940,6111941,0.0
1941,6111942,0.0
1942,6111943,0.0
1943,6111944,1.0
1944,6111945,1.0
1945,6111946,0.0
1946,6111947,1.0
1947,6111948,1.0
1948,6111949,0.0
1949,6111950,0.0
1950,6111951,0.0
1951,6111952,0.0
1952,6111953,0.0
1953,6111954,0.0
1954,6111955,0.0
1955,6111956,0.0
1956,6111957,0.0
1957,6111958,0.0
1958,6111959,1.0
1959,6111960,1.0
1960,6111961,0.0
1961,6111962,1.0
1962,6111963,0.0
1963,6111964,1.0
1964,6111965,0.0
1965,6111966,0.0
1966,6111967,0.0
1967,6111968,0.0
1968,6111969,0.0
1969,6111970,0.0
1970,6111971,0.0
1971,6111972,0.0
1972,6111973,0.0
1973,6111974,0.0
1974,6111975,0.0
1975,6111976,0.0
1976,6111977,0.0
1977,6111978,0.0
1978,6111979,1.0
1979,6111980,0.0
1980,6111981,1.0
1981,6111982,0.0
1982,6111983,0.0
1983,6111984,1.0
1984,6111985,0.0
1985,6111986,0.0
1986,6111987,0.0
1987,6111988,0.0
1988,6111989,0.0
1989,6111990,0.0
1990,6111991,0.0
1991,6111992,1.0
1992,6111993,0.0
1993,6111994,0.0
1994,6111995,1.0
1995,6111996,1.0
1996,6111997,0.0
1997,6111998,0.0
1998,6111999,0.0
1999,6112000,0.0
2000,6112001,0.0
2001,6112002,0.0
2002,6112003,1.0
2003,6112004,0.0
2004,6112005,0.0
2005,6112006,1.0
2006,6112007,1.0
2007,6112008,0.0
2008,6112009,0.0
2009,6112010,0.0
2010,6112011,0.0
2011,6112012,1.0
2012,6112013,0.0
2013,6112014,0.0
2014,6112015,0.0
2015,6112016,0.0
2016,6112017,0.0
2017,6112018,1.0
2018,6112019,0.0
2019,6112020,1.0
2020,6112021,0.0
2021,6112022,0.0
2022,6112023,1.0
2023,6112024,0.0
2024,6112025,1.0
2025,6112026,0.0
2026,6112027,0.0
2027,6112028,0.0
2028,6112029,1.0
2029,6112030,0.0
2030,6112031,0.0
2031,6112032,0.0
2032,6112033,0.0
2033,6112034,1.0
2034,6112035,0.0
2035,6112036,0.0
2036,6112037,0.0
2037,6112038,0.0
2038,6112039,0.0
2039,6112040,0.0
2040,6112041,0.0
2041,6112042,0.0
2042,6112043,0.0
2043,6112044,0.0
2044,6112045,0.0
2045,6112046,0.0
2046,6112047,1.0
2047,6112048,0.0
2048,6112049,0.0
2049,6112050,0.0
2050,6112051,1.0
2051,6112052,0.0
2052,6112053,0.0
2053,6112054,0.0
2054,6112055,1.0
2055,6112056,1.0
2056,6112057,0.0
2057,6112058,0.0
2058,6112059,0.0
2059,6112060,0.0
2060,6112061,1.0
2061,6112062,0.0
2062,6112063,0.0
2063,6112064,0.0
2064,6112065,0.0
2065,6112066,0.0
2066,6112067,0.0
2067,6112068,0.0
2068,6112069,0.0
2069,6112070,0.0
2070,6112071,0.0
2071,6112072,1.0
2072,6112073,0.0
2073,6112074,1.0
2074,6112075,0.0
2075,6112076,0.0
2076,6112077,1.0
2077,6112078,0.0
2078,6112079,0.0
2079,6112080,0.0
2080,6112081,0.0
2081,6112082,1.0
2082,6112083,0.0
2083,6112084,0.0
2084,6112085,0.0
2085,6112086,0.0
2086,6112087,0.0
2087,6112088,1.0
2088,6112089,0.0
2089,6112090,1.0
2090,6112091,0.0
2091,6112092,0.0
2092,6112093,0.0
2093,6112094,0.0
2094,6112095,0.0
2095,6112096,0.0
2096,6112097,0.0
2097,6112098,1.0
2098,6112099,0.0
2099,6112100,1.0
2100,6112101,0.0
2101,6112102,0.0
2102,6112103,0.0
2103,6112104,0.0
2104,6112105,1.0
2105,6112106,1.0
2106,6112107,0.0
2107,6112108,1.0
2108,6112109,0.0
2109,6112110,1.0
2110,6112111,0.0
2111,6112112,0.0
2112,6112113,0.0
2113,6112114,0.0
2114,6112115,0.0
2115,6112116,0.0
2116,6112117,0.0
2117,6112118,1.0
2118,6112119,0.0
2119,6112120,1.0
2120,6112121,0.0
2121,6112122,0.0
2122,6112123,0.0
2123,6112124,0.0
2124,6112125,0.0
2125,6112126,0.0
2126,6112127,0.0
2127,6112128,0.0
2128,6112129,0.0
2129,6112130,0.0
2130,6112131,0.0
2131,6112132,1.0
2132,6112133,1.0
2133,6112134,1.0
2134,6112135,0.0
2135,6112136,0.0
2136,6112137,0.0
2137,6112138,0.0
2138,6112139,0.0
2139,6112140,0.0
2140,6112141,1.0
2141,6112142,1.0
2142,6112143,0.0
2143,6112144,0.0
2144,6112145,0.0
2145,6112146,0.0
2146,6112147,1.0
2147,6112148,0.0
2148,6112149,0.0
2149,6112150,1.0
2150,6112151,0.0
2151,6112152,1.0
2152,6112153,0.0
2153,6112154,0.0
2154,6112155,0.0
2155,6112156,0.0
2156,6112157,0.0
2157,6112158,0.0
2158,6112159,0.0
2159,6112160,1.0
2160,6112161,0.0
2161,6112162,1.0
2162,6112163,0.0
2163,6112164,0.0
2164,6112165,0.0
2165,6112166,0.0
2166,6112167,1.0
2167,6112168,0.0
2168,6112169,0.0
2169,6112170,0.0
2170,6112171,0.0
2171,6112172,0.0
2172,6112173,0.0
2173,6112174,0.0
2174,6112175,1.0
2175,6112176,1.0
2176,6112177,0.0
2177,6112178,0.0
2178,6112179,0.0
2179,6112180,0.0
2180,6112181,0.0
2181,6112182,1.0
2182,6112183,1.0
2183,6112184,1.0
2184,6112185,1.0
2185,6112186,0.0
2186,6112187,1.0
2187,6112188,1.0
2188,6112189,1.0
2189,6112190,1.0
2190,6112191,0.0
2191,6112192,0.0
2192,6112193,1.0
2193,6112194,0.0
2194,6112195,1.0
2195,6112196,0.0
2196,6112197,0.0
2197,6112198,0.0
2198,6112199,0.0
2199,6112200,0.0
2200,6112201,0.0
2201,6112202,0.0
2202,6112203,0.0
2203,6112204,1.0
2204,6112205,0.0
2205,6112206,0.0
2206,6112207,1.0
2207,6112208,0.0
2208,6112209,0.0
2209,6112210,0.0
2210,6112211,0.0
2211,6112212,0.0
2212,6112213,0.0
2213,6112214,0.0
2214,6112215,0.0
2215,6112216,1.0
2216,6112217,0.0
2217,6112218,0.0
2218,6112219,1.0
2219,6112220,1.0
2220,6112221,0.0
2221,6112222,0.0
2222,6112223,0.0
2223,6112224,0.0
2224,6112225,1.0
2225,6112226,0.0
2226,6112227,1.0
2227,6112228,0.0
2228,6112229,0.0
2229,6112230,0.0
2230,6112231,1.0
2231,6112232,0.0
2232,6112233,0.0
2233,6112234,1.0
2234,6112235,0.0
2235,6112236,0.0
2236,6112237,1.0
2237,6112238,1.0
2238,6112239,0.0
2239,6112240,0.0
2240,6112241,0.0
2241,6112242,0.0
2242,6112243,0.0
2243,6112244,0.0
2244,6112245,1.0
2245,6112246,0.0
2246,6112247,0.0
2247,6112248,0.0
2248,6112249,0.0
2249,6112250,0.0
2250,6112251,0.0
2251,6112252,1.0
2252,6112253,0.0
2253,6112254,0.0
2254,6112255,0.0
2255,6112256,1.0
2256,6112257,1.0
2257,6112258,0.0
2258,6112259,1.0
2259,6112260,0.0
2260,6112261,0.0
2261,6112262,0.0
2262,6112263,0.0
2263,6112264,0.0
2264,6112265,0.0
2265,6112266,0.0
2266,6112267,0.0
2267,6112268,1.0
2268,6112269,0.0
2269,6112270,0.0
2270,6112271,0.0
2271,6112272,1.0
2272,6112273,0.0
2273,6112274,0.0
2274,6112275,1.0
2275,6112276,1.0
2276,6112277,0.0
2277,6112278,0.0
2278,6112279,1.0
2279,6112280,0.0
2280,6112281,0.0
2281,6112282,1.0
2282,6112283,0.0
2283,6112284,0.0
2284,6112285,1.0
2285,6112286,0.0
2286,6112287,0.0
2287,6112288,0.0
2288,6112289,1.0
2289,6112290,1.0
2290,6112291,0.0
2291,6112292,1.0
2292,6112293,0.0
2293,6112294,0.0
2294,6112295,1.0
2295,6112296,0.0
2296,6112297,1.0
2297,6112298,0.0
2298,6112299,1.0
2299,6112300,0.0
2300,6112301,0.0
2301,6112302,0.0
2302,6112303,1.0
2303,6112304,0.0
2304,6112305,1.0
2305,6112306,0.0
2306,6112307,1.0
2307,6112308,1.0
2308,6112309,0.0
2309,6112310,0.0
2310,6112311,1.0
2311,6112312,0.0
2312,6112313,0.0
2313,6112314,0.0
2314,6112315,0.0
2315,6112316,0.0
2316,6112317,0.0
2317,6112318,0.0
2318,6112319,0.0
2319,6112320,0.0
2320,6112321,0.0
2321,6112322,0.0
2322,6112323,1.0
2323,6112324,1.0
2324,6112325,0.0
2325,6112326,0.0
2326,6112327,0.0
2327,6112328,0.0
2328,6112329,1.0
2329,6112330,1.0
2330,6112331,1.0
2331,6112332,1.0
2332,6112333,0.0
2333,6112334,0.0
2334,6112335,0.0
2335,6112336,1.0
2336,6112337,0.0
2337,6112338,0.0
2338,6112339,1.0
2339,6112340,0.0
2340,6112341,0.0
2341,6112342,0.0
2342,6112343,1.0
2343,6112344,1.0
2344,6112345,0.0
2345,6112346,0.0
2346,6112347,0.0
2347,6112348,1.0
2348,6112349,0.0
2349,6112350,1.0
2350,6112351,1.0
2351,6112352,0.0
2352,6112353,1.0
2353,6112354,1.0
2354,6112355,0.0
2355,6112356,0.0
2356,6112357,0.0
2357,6112358,0.0
2358,6112359,0.0
2359,6112360,0.0
2360,6112361,1.0
2361,6112362,0.0
2362,6112363,1.0
2363,6112364,0.0
2364,6112365,1.0
2365,6112366,0.0
2366,6112367,0.0
2367,6112368,0.0
2368,6112369,0.0
2369,6112370,1.0
2370,6112371,0.0
2371,6112372,0.0
2372,6112373,0.0
2373,6112374,0.0
2374,6112375,0.0
2375,6112376,0.0
2376,6112377,1.0
2377,6112378,0.0
2378,6112379,1.0
2379,6112380,0.0
2380,6112381,0.0
2381,6112382,1.0
2382,6112383,0.0
2383,6112384,1.0
2384,6112385,0.0
2385,6112386,0.0
2386,6112387,0.0
2387,6112388,1.0
2388,6112389,0.0
2389,6112390,1.0
2390,6112391,1.0
2391,6112392,0.0
2392,6112393,0.0
2393,6112394,0.0
2394,6112395,0.0
2395,6112396,1.0
2396,6112397,1.0
2397,6112398,0.0
2398,6112399,1.0
2399,6112400,1.0
2400,6112401,0.0
2401,6112402,0.0
2402,6112403,1.0
2403,6112404,0.0
2404,6112405,0.0
2405,6112406,1.0
2406,6112407,0.0
2407,6112408,0.0
2408,6112409,0.0
2409,6112410,0.0
2410,6112411,0.0
2411,6112412,0.0
2412,6112413,0.0
2413,6112414,0.0
2414,6112415,0.0
2415,6112416,0.0
2416,6112417,0.0
2417,6112418,0.0
2418,6112419,0.0
2419,6112420,1.0
2420,6112421,0.0
2421,6112422,0.0
2422,6112423,0.0
2423,6112424,0.0
2424,6112425,1.0
2425,6112426,0.0
2426,6112427,0.0
2427,6112428,0.0
2428,6112429,1.0
2429,6112430,1.0
2430,6112431,0.0
2431,6112432,0.0
2432,6112433,0.0
2433,6112434,1.0
2434,6112435,0.0
2435,6112436,0.0
2436,6112437,0.0
2437,6112438,0.0
2438,6112439,1.0
2439,6112440,0.0
2440,6112441,1.0
2441,6112442,1.0
2442,6112443,1.0
2443,6112444,0.0
2444,6112445,0.0
2445,6112446,0.0
2446,6112447,1.0
2447,6112448,0.0
2448,6112449,0.0
2449,6112450,0.0
2450,6112451,0.0
2451,6112452,1.0
2452,6112453,1.0
2453,6112454,0.0
2454,6112455,0.0
2455,6112456,1.0
2456,6112457,0.0
2457,6112458,1.0
2458,6112459,1.0
2459,6112460,0.0
2460,6112461,0.0
2461,6112462,0.0
2462,6112463,0.0
2463,6112464,0.0
2464,6112465,0.0
2465,6112466,0.0
2466,6112467,0.0
2467,6112468,0.0
2468,6112469,0.0
2469,6112470,0.0
2470,6112471,0.0
2471,6112472,0.0
2472,6112473,0.0
2473,6112474,0.0
2474,6112475,0.0
2475,6112476,0.0
2476,6112477,1.0
2477,6112478,1.0
2478,6112479,1.0
2479,6112480,0.0
2480,6112481,1.0
2481,6112482,1.0
2482,6112483,0.0
2483,6112484,0.0
2484,6112485,0.0
2485,6112486,1.0
2486,6112487,1.0
2487,6112488,1.0
2488,6112489,1.0
2489,6112490,0.0
2490,6112491,1.0
2491,6112492,0.0
2492,6112493,0.0
2493,6112494,1.0
2494,6112495,0.0
2495,6112496,1.0
2496,6112497,0.0
2497,6112498,1.0
2498,6112499,0.0
2499,6112500,0.0
2500,6112501,0.0
2501,6112502,0.0
2502,6112503,0.0
2503,6112504,0.0
2504,6112505,1.0
2505,6112506,0.0
2506,6112507,1.0
2507,6112508,0.0
2508,6112509,0.0
2509,6112510,0.0
2510,6112511,0.0
2511,6112512,0.0
2512,6112513,0.0
2513,6112514,0.0
2514,6112515,0.0
2515,6112516,0.0
2516,6112517,0.0
2517,6112518,0.0
2518,6112519,0.0
2519,6112520,0.0
2520,6112521,0.0
2521,6112522,0.0
2522,6112523,1.0
2523,6112524,0.0
2524,6112525,0.0
2525,6112526,0.0
2526,6112527,1.0
2527,6112528,1.0
2528,6112529,0.0
2529,6112530,0.0
2530,6112531,0.0
2531,6112532,0.0
2532,6112533,0.0
2533,6112534,1.0
2534,6112535,0.0
2535,6112536,0.0
2536,6112537,0.0
2537,6112538,0.0
2538,6112539,0.0
2539,6112540,1.0
2540,6112541,1.0
2541,6112542,0.0
2542,6112543,0.0
2543,6112544,0.0
2544,6112545,1.0
2545,6112546,0.0
2546,6112547,0.0
2547,6112548,1.0
2548,6112549,0.0
2549,6112550,0.0
2550,6112551,0.0
2551,6112552,0.0
2552,6112553,0.0
2553,6112554,0.0
2554,6112555,0.0
2555,6112556,0.0
2556,6112557,0.0
2557,6112558,0.0
2558,6112559,0.0
2559,6112560,1.0
2560,6112561,1.0
2561,6112562,0.0
2562,6112563,0.0
2563,6112564,0.0
2564,6112565,0.0
2565,6112566,0.0
2566,6112567,0.0
2567,6112568,0.0
2568,6112569,1.0
2569,6112570,1.0
2570,6112571,0.0
2571,6112572,1.0
2572,6112573,0.0
2573,6112574,1.0
2574,6112575,0.0
2575,6112576,1.0
2576,6112577,1.0
2577,6112578,0.0
2578,6112579,0.0
2579,6112580,1.0
2580,6112581,0.0
2581,6112582,0.0
2582,6112583,0.0
2583,6112584,0.0
2584,6112585,1.0
2585,6112586,0.0
2586,6112587,0.0
2587,6112588,0.0
2588,6112589,0.0
2589,6112590,0.0
2590,6112591,0.0
2591,6112592,0.0
2592,6112593,0.0
2593,6112594,0.0
2594,6112595,1.0
2595,6112596,1.0
2596,6112597,0.0
2597,6112598,0.0
2598,6112599,0.0
2599,6112600,0.0
2600,6112601,0.0
2601,6112602,0.0
2602,6112603,0.0
2603,6112604,1.0
2604,6112605,0.0
2605,6112606,1.0
2606,6112607,1.0
2607,6112608,0.0
2608,6112609,0.0
2609,6112610,1.0
2610,6112611,0.0
2611,6112612,1.0
2612,6112613,0.0
2613,6112614,0.0
2614,6112615,0.0
2615,6112616,0.0
2616,6112617,0.0
2617,6112618,0.0
2618,6112619,0.0
2619,6112620,1.0
2620,6112621,1.0
2621,6112622,0.0
2622,6112623,0.0
2623,6112624,1.0
2624,6112625,0.0
2625,6112626,0.0
2626,6112627,0.0
2627,6112628,0.0
2628,6112629,1.0
2629,6112630,0.0
